name,mean,min,max,std
rouge_1_p,0.46616173811594264,0.19806763285024154,0.9655172413793104,0.1675401603052781
rouge_1_r,0.4687132773809127,0.17105263157894737,0.7529411764705882,0.1255951345188572
rouge_1_f,0.4471773262474163,0.2570281079530976,0.802507832012264,0.11025369091913259
rouge_2_p,0.274527728158151,0.028037383177570093,0.9016393442622951,0.20019809006191
rouge_2_r,0.26481829960372144,0.015228426395939087,0.6759259259259259,0.1290821049457064
rouge_2_f,0.2547683375661718,0.019736837543500016,0.7487179437759368,0.14610961183323415
rouge_l_p,0.42847522210002414,0.18787878787878787,0.9375,0.17355637542085406
rouge_l_r,0.4300439673555539,0.10526315789473684,0.7470588235294118,0.1266597720534293
rouge_l_f,0.4110771440482287,0.1666666633680556,0.796238239535775,0.12136138799952109
