name,mean,min,max,std
rouge_1_p,0.6857142857142858,0.6857142857142857,0.6857142857142857,1.1130090340862554e-16
rouge_1_r,0.679245283018868,0.6792452830188679,0.6792452830188679,1.1130090340862554e-16
rouge_1_f,0.6824644499764156,0.6824644499764156,0.6824644499764156,0.0
rouge_2_p,0.5036496350364965,0.5036496350364964,0.5036496350364964,1.1130090340862554e-16
rouge_2_r,0.5111111111111111,0.5111111111111111,0.5111111111111111,0.0
rouge_2_f,0.5073529361767408,0.5073529361767409,0.5073529361767409,1.1130090340862554e-16
rouge_l_p,0.6666666666666665,0.6666666666666666,0.6666666666666666,1.1130090340862554e-16
rouge_l_r,0.6603773584905659,0.660377358490566,0.660377358490566,1.1130090340862554e-16
rouge_l_f,0.6635071040048518,0.6635071040048517,0.6635071040048517,1.1130090340862554e-16
