name,mean,min,max,std
rouge_1_p,0.7142857142857143,0.7142857142857143,0.7142857142857143,0.0
rouge_1_r,0.6132075471698113,0.6132075471698113,0.6132075471698113,0.0
rouge_1_f,0.6598984721863485,0.6598984721863485,0.6598984721863485,0.0
rouge_2_p,0.5535714285714286,0.5535714285714286,0.5535714285714286,0.0
rouge_2_r,0.45925925925925926,0.45925925925925926,0.45925925925925926,0.0
rouge_2_f,0.50202428654133,0.50202428654133,0.50202428654133,0.0
rouge_l_p,0.7142857142857143,0.7142857142857143,0.7142857142857143,0.0
rouge_l_r,0.6132075471698113,0.6132075471698113,0.6132075471698113,0.0
rouge_l_f,0.6598984721863485,0.6598984721863485,0.6598984721863485,0.0
