cluster_id,rouge_1_p,rouge_1_r,rouge_1_f,rouge_2_p,rouge_2_r,rouge_2_f,rouge_l_p,rouge_l_r,rouge_l_f
0.0,0.7142857142857143,0.6132075471698113,0.6598984721863485,0.5535714285714286,0.45925925925925926,0.50202428654133,0.7142857142857143,0.6132075471698113,0.6598984721863485
1.0,0.7142857142857143,0.6132075471698113,0.6598984721863485,0.5535714285714286,0.45925925925925926,0.50202428654133,0.7142857142857143,0.6132075471698113,0.6598984721863485
2.0,0.7142857142857143,0.6132075471698113,0.6598984721863485,0.5535714285714286,0.45925925925925926,0.50202428654133,0.7142857142857143,0.6132075471698113,0.6598984721863485
