name,mean,min,max,std
rouge_1_p,0.4422998494836611,0.16558441558441558,1.0,0.15219480327985774
rouge_1_r,0.5049050007819692,0.12213740458015267,0.9459459459459459,0.14071289223418407
rouge_1_f,0.45502676947544274,0.1693121650580892,0.8623188356744907,0.11675609652116446
rouge_2_p,0.2675709537833669,0.011406844106463879,0.9927536231884058,0.17614046173025893
rouge_2_r,0.3086145097993594,0.01675977653631285,0.8651685393258427,0.15812700543618105
rouge_2_f,0.2727841802288244,0.013574655814071857,0.8179104429162843,0.1494825910716179
rouge_l_p,0.4151092021394856,0.1266233766233766,1.0,0.15599196212196959
rouge_l_r,0.472336653058497,0.12213740458015267,0.9459459459459459,0.1424651729453754
rouge_l_f,0.4264439907648461,0.1691542238835674,0.8623188356744907,0.12344182917167011
