colname,mean,max,min,std
cluster_idx,100.5,200,1,57.8791845139511
n_doc,3.105,5,2,0.847090794466775
n_sent,38.76,130,5,21.2591665124487
n_word_summary,162.84,343,57,43.715438897373
n_sent_summary,4.94,9,1,1.10111866370423
avg_word_per_sent_summary,33.7559087301587,75,18,9.01601218198293
