colname,mean,max,min,std
cluster_idx,100.5,200.0,1.0,57.879184513951124
n_doc,3.105,5.0,2.0,0.8470907944667748
n_sent,38.76,130.0,5.0,21.259166512448697
n_word_summary,162.84,343.0,57.0,43.71543889737297
n_sent_summary,4.94,9.0,1.0,1.10111866370423
avg_word_per_sent_summary,33.75590873015873,75.0,18.0,9.016012181982926
