colname,mean,max,min,std
cluster_idx,101.77938808373591,200.0,1.0,56.85256507061775
document_idx,2.1674718196457325,5.0,1.0,1.0477186666498417
n_sent,12.483091787439614,70.0,2.0,8.788103438076709
n_word,597.4347826086956,2821.0,119.0,400.03343934560075
avg_word_per_sent,50.47257258386375,155.14285714285714,12.352941176470589,18.34149190825534
title_len,10.96135265700483,28.0,3.0,3.6595153177594866
anchor_len,39.41867954911433,134.0,0.0,15.518518766467698
