name,mean,min,max,std
rouge_1_p,0.40330614557812394,0.1368421052631579,1.0,0.14025081711691628
rouge_1_r,0.48696180416368784,0.1111111111111111,0.9651162790697675,0.1387631286325029
rouge_1_f,0.4275553303912322,0.12658227357795246,0.7793427181899535,0.11157539766500815
rouge_2_p,0.20768396372673886,0.0,1.0,0.15376450297639657
rouge_2_r,0.2598614955895159,0.0,0.9047619047619048,0.15812001513432192
rouge_2_f,0.22039693188171483,0.0,0.671378087205484,0.13634907408460004
rouge_l_p,0.373568496906228,0.11578947368421053,1.0,0.1440695465065118
rouge_l_r,0.44894250436678024,0.1111111111111111,0.9651162790697675,0.14043314696566742
rouge_l_f,0.3950305123485275,0.12658227357795246,0.7793427181899535,0.11736676254788199
