cluster_id,rouge_1_p,rouge_1_r,rouge_1_f,rouge_2_p,rouge_2_r,rouge_2_f,rouge_l_p,rouge_l_r,rouge_l_f
1.0,0.2972972972972973,0.5188679245283019,0.3780068682207343,0.0781758957654723,0.17777777777777778,0.1085972808250242,0.2594594594594595,0.4528301886792453,0.32989690258499554
2.0,0.27624309392265195,0.5882352941176471,0.3759398452753124,0.0859375,0.20952380952380953,0.12188365238449689,0.2430939226519337,0.5176470588235295,0.33082706332042516
