name,mean,min,max,std
rouge_1_p,0.3914423347491623,0.14054054054054055,0.8522727272727273,0.13210984440844384
rouge_1_r,0.44883337371228893,0.15151515151515152,0.9868421052631579,0.1483063204935038
rouge_1_f,0.3986547434397164,0.1626016210430301,0.9146341413682334,0.10657487600866399
rouge_2_p,0.1982967443828013,0.014285714285714285,0.7563025210084033,0.1380599302151393
rouge_2_r,0.22765364695398524,0.013071895424836602,0.9574468085106383,0.14329391219407545
rouge_2_f,0.19861801493141584,0.013651872142950487,0.8450704176040909,0.12509864993617478
rouge_l_p,0.352746894641783,0.10810810810810811,0.8522727272727273,0.1349020179528402
rouge_l_r,0.40341957494839226,0.12878787878787878,0.9868421052631579,0.14598277206441984
rouge_l_f,0.35885644836368386,0.13821137714059106,0.9146341413682334,0.11316231400743682
