name,mean,min,max,std
rouge_1_p,0.6422619047619047,0.475,0.8095238095238095,0.2365440541826427
rouge_1_r,0.4871856866537717,0.4318181818181818,0.5425531914893617,0.07830147625324918
rouge_1_f,0.5510312356248238,0.4523809473922903,0.6496815238573573,0.13951257555046384
rouge_2_p,0.4335057966848711,0.17687074829931973,0.6901408450704225,0.36293676600712227
rouge_2_r,0.30368460629498334,0.14942528735632185,0.45794392523364486,0.21815562096549193
rouge_2_f,0.3562777787315541,0.1619937645057794,0.5505617929573288,0.2747590878703779
rouge_l_p,0.6009920634920635,0.4083333333333333,0.7936507936507936,0.2724605891000546
rouge_l_r,0.45156350741457124,0.3712121212121212,0.5319148936170213,0.11363402012298321
rouge_l_f,0.5129157771271997,0.3888888839002268,0.6369426703541727,0.17540051450058494
