cluster_id,rouge_1_p,rouge_1_r,rouge_1_f,rouge_2_p,rouge_2_r,rouge_2_f,rouge_l_p,rouge_l_r,rouge_l_f
1.0,0.8095238095238095,0.5425531914893617,0.6496815238573573,0.6901408450704225,0.45794392523364486,0.5505617929573288,0.7936507936507936,0.5319148936170213,0.6369426703541727
2.0,0.475,0.4318181818181818,0.4523809473922903,0.17687074829931973,0.14942528735632185,0.1619937645057794,0.4083333333333333,0.3712121212121212,0.3888888839002268
