cluster_id,rouge_1_p,rouge_1_r,rouge_1_f,rouge_2_p,rouge_2_r,rouge_2_f,rouge_l_p,rouge_l_r,rouge_l_f
1.0,0.36231884057971014,0.539568345323741,0.43352600675381736,0.14376996805111822,0.26011560693641617,0.18518518060009495,0.3285024154589372,0.4892086330935252,0.39306357900815275
2.0,0.16756756756756758,0.26495726495726496,0.2052980084985309,0.012244897959183673,0.02127659574468085,0.01554403681374135,0.13513513513513514,0.21367521367521367,0.1655629091607826
