name,mean,min,max,std
rouge_1_p,0.46852678291827,0.21551724137931033,0.9655172413793104,0.17544310557694323
rouge_1_r,0.48605098429996024,0.11764705882352941,0.9868421052631579,0.15115163914202204
rouge_1_f,0.46092019344513735,0.15384614931952675,0.9146341413682334,0.13482164067340538
rouge_2_p,0.29022516178643426,0.015873015873015872,0.9016393442622951,0.20377930514973464
rouge_2_r,0.3001926990329,0.0078125,0.9574468085106383,0.15994313034297583
rouge_2_f,0.280527723355924,0.010471199767552097,0.8450704176040909,0.16259231517557746
rouge_l_p,0.4369240128574936,0.1875,0.9137931034482759,0.18153454106632186
rouge_l_r,0.451814081484533,0.10784313725490197,0.9868421052631579,0.15205744375702313
rouge_l_f,0.4292292845799476,0.14102563649901398,0.9146341413682334,0.14243646857146097
