name,mean,min,max,std
rouge_1_p,0.26494320407363886,0.16756756756756758,0.36231884057971014,0.13770994579159868
rouge_1_r,0.40226280514050294,0.26495726495726496,0.539568345323741,0.19417935711609918
rouge_1_f,0.3194120076261741,0.2052980084985309,0.43352600675381736,0.1613815652229446
rouge_2_p,0.07800743300515095,0.012244897959183673,0.14376996805111822,0.0930022689580429
rouge_2_r,0.1406961013405485,0.02127659574468085,0.26011560693641617,0.16888468442556576
rouge_2_f,0.10036460870691816,0.01554403681374135,0.18518518060009495,0.11995440313957277
rouge_l_p,0.23181877529703618,0.13513513513513514,0.3285024154589372,0.1367313151765605
rouge_l_r,0.3514419233843694,0.21367521367521367,0.4892086330935252,0.19483154931420524
rouge_l_f,0.27931324408446767,0.1655629091607826,0.39306357900815275,0.16086726637355736
