name,mean,min,max,std
rouge_1_p,0.4437229437229437,0.38095238095238093,0.5064935064935064,0.08877098118792152
rouge_1_r,0.4195680206318504,0.4148936170212766,0.42424242424242425,0.006610604982079281
rouge_1_f,0.42878701634866745,0.40143368677072494,0.4561403459266099,0.038683449665187386
rouge_2_p,0.2310709724502828,0.10582010582010581,0.3563218390804598,0.17713147428738
rouge_2_r,0.20233107745192824,0.11494252873563218,0.2897196261682243,0.12358607079068779
rouge_2_f,0.2148902281966113,0.11019283247410264,0.31958762391912,0.14806447697591463
rouge_l_p,0.39672232529375384,0.3129251700680272,0.4805194805194805,0.1185070734085061
rouge_l_r,0.37105093488072216,0.3484848484848485,0.39361702127659576,0.03191326543072747
rouge_l_f,0.38124881600910887,0.3297490989571049,0.4327485330611129,0.07283159831332098
