cluster_id,rouge_1_p,rouge_1_r,rouge_1_f,rouge_2_p,rouge_2_r,rouge_2_f,rouge_l_p,rouge_l_r,rouge_l_f
1.0,0.5064935064935064,0.4148936170212766,0.4561403459266099,0.3563218390804598,0.2897196261682243,0.31958762391912,0.4805194805194805,0.39361702127659576,0.4327485330611129
2.0,0.38095238095238093,0.42424242424242425,0.40143368677072494,0.10582010582010581,0.11494252873563218,0.11019283247410264,0.3129251700680272,0.3484848484848485,0.3297490989571049
