name,mean,min,max,std
rouge_1_p,0.40334960968931527,0.1368421052631579,1.0,0.14024447736220155
rouge_1_r,0.48673181193369564,0.1111111111111111,0.9651162790697675,0.13864512885728977
rouge_1_f,0.4275130420882969,0.12658227357795246,0.7793427181899535,0.11157570594114491
rouge_2_p,0.20765440517839728,0.0,1.0,0.15371255199076567
rouge_2_r,0.25976069917338845,0.0,0.9047619047619048,0.1580071630166262
rouge_2_f,0.2203475101426524,0.0,0.671378087205484,0.13626354053944825
rouge_l_p,0.37369991939080704,0.11578947368421053,1.0,0.14402794304654482
rouge_l_r,0.44888345230772814,0.1111111111111111,0.9651162790697675,0.14044046846435024
rouge_l_f,0.395105837181712,0.12658227357795246,0.7793427181899535,0.11737362568212321
