cluster_id,rouge_1_p,rouge_1_r,rouge_1_f,rouge_2_p,rouge_2_r,rouge_2_f,rouge_l_p,rouge_l_r,rouge_l_f
1.0,0.28061224489795916,0.5188679245283019,0.364238406040086,0.0729483282674772,0.17777777777777778,0.1034482717361216,0.25,0.46226415094339623,0.3245033067023377
2.0,0.27624309392265195,0.5882352941176471,0.3759398452753124,0.0859375,0.20952380952380953,0.12188365238449689,0.2430939226519337,0.5176470588235295,0.33082706332042516
