name,mean,min,max,std
rouge_1_p,0.39150738779020167,0.14054054054054055,0.8522727272727273,0.1319887036700045
rouge_1_r,0.45037607343680675,0.15151515151515152,0.9868421052631579,0.1500219758524328
rouge_1_f,0.3992418858051551,0.1626016210430301,0.9146341413682334,0.10707271846181896
rouge_2_p,0.19889721185736345,0.014285714285714285,0.7563025210084033,0.13824926761239445
rouge_2_r,0.22955528908790854,0.013071895424836602,0.9574468085106383,0.14560456698763855
rouge_2_f,0.19962625725914937,0.013651872142950487,0.8450704176040909,0.12594309353437053
rouge_l_p,0.35308688243838143,0.10810810810810811,0.8522727272727273,0.1350084080454701
rouge_l_r,0.40526530497594043,0.12878787878787878,0.9868421052631579,0.14830355003433826
rouge_l_f,0.3597343935464714,0.13821137714059106,0.9146341413682334,0.11412827245184683
