name,mean,min,max,std
rouge_1_p,0.4139394246846274,0.107981220657277,0.863013698630137,0.13532353026811728
rouge_1_r,0.4011247681149755,0.11607142857142858,0.7076923076923077,0.14361135616449447
rouge_1_f,0.3905092053818649,0.1391941341995735,0.7368421003700284,0.11087525866156067
rouge_2_p,0.21082004198538684,0.011111111111111112,0.8387096774193549,0.1505940669537181
rouge_2_r,0.20353408363185974,0.007142857142857143,0.582089552238806,0.13295808573087325
rouge_2_f,0.19635556279527436,0.008695647410210549,0.6872246647666364,0.12725789620982386
rouge_l_p,0.3727250343814007,0.107981220657277,0.863013698630137,0.1367990924729331
rouge_l_r,0.36332260058821736,0.08928571428571429,0.6717948717948717,0.14437688787855066
rouge_l_f,0.3528419736141411,0.12454211954755885,0.7368421003700284,0.1175486686252297
