name,mean,min,max,std
rouge_1_p,0.5670082588672507,0.1,0.9705882352941176,0.1970693157086504
rouge_1_r,0.15932847655079635,0.025,0.2978723404255319,0.06879684643717439
rouge_1_f,0.2455561110620443,0.03999999680000026,0.4341085231776937,0.09842794451366023
rouge_2_p,0.3297412458855139,0.0,0.9714285714285714,0.21627430399784417
rouge_2_r,0.07766730244492687,0.0,0.22012578616352202,0.05618974341250453
rouge_2_f,0.124187881466751,0.0,0.34825870316180296,0.08743771857944438
rouge_l_p,0.504962856736091,0.1,0.9705882352941176,0.20572665032692217
rouge_l_r,0.14194732954605413,0.025,0.2872340425531915,0.06821219125725823
rouge_l_f,0.2188051207453515,0.03999999680000026,0.4285714250063776,0.09934802153494451
