cluster_id,rouge_1_p,rouge_1_r,rouge_1_f,rouge_2_p,rouge_2_r,rouge_2_f,rouge_l_p,rouge_l_r,rouge_l_f
1.0,0.21951219512195122,0.42452830188679247,0.2893890630307793,0.051829268292682924,0.1259259259259259,0.0734341211387843,0.2,0.3867924528301887,0.26366559036196907
2.0,0.21164021164021163,0.47058823529411764,0.29197079864004477,0.057692307692307696,0.14285714285714285,0.08219177672358811,0.17989417989417988,0.4,0.2481751782020886
3.0,0.1752988047808765,0.36666666666666664,0.23719676112204946,0.05121951219512195,0.15217391304347827,0.07664233199824197,0.1593625498007968,0.3333333333333333,0.21563341880399015
4.0,0.2057142857142857,0.3673469387755102,0.26373625913402843,0.04564315352697095,0.08088235294117647,0.05835543305363474,0.1657142857142857,0.29591836734693877,0.2124542078519772
5.0,0.4625,0.34579439252336447,0.395721920237925,0.23529411764705882,0.21212121212121213,0.22310756473452814,0.45,0.3364485981308411,0.38502673307214963
6.0,0.5533980582524272,0.6263736263736264,0.5876288609985121,0.41732283464566927,0.4774774774774775,0.4453781462831015,0.5533980582524272,0.6263736263736264,0.5876288609985121
7.0,0.1134020618556701,0.171875,0.13664595794298076,0.02608695652173913,0.04054054054054054,0.031746026981328224,0.1134020618556701,0.171875,0.13664595794298076
8.0,0.2376237623762376,0.5106382978723404,0.3243243199899562,0.036036036036036036,0.09523809523809523,0.05228757771626328,0.2079207920792079,0.44680851063829785,0.2837837794494157
