name,mean,min,max,std
rouge_1_p,0.38647229686596435,0.1134020618556701,1.0,0.17378086574530055
rouge_1_r,0.46267275003989494,0.07407407407407407,0.8389830508474576,0.15580567985061164
rouge_1_f,0.3991636672701644,0.10126581788174997,0.7539682489695138,0.12646965539205446
rouge_2_p,0.20325949809784913,0.0,0.9666666666666667,0.1881460125722887
rouge_2_r,0.2392541810685807,0.0,0.7226277372262774,0.1577268282476446
rouge_2_f,0.20277303946202982,0.0,0.621301770147929,0.1450544766118568
rouge_l_p,0.3580058299954463,0.1134020618556701,1.0,0.17668703816130604
rouge_l_r,0.42619786381591523,0.05555555555555555,0.8155339805825242,0.15407637832189572
rouge_l_f,0.3686136636202106,0.08219177697128935,0.7460317410330057,0.13058082410431077
