name,mean,min,max,std
rouge_1_p,0.2793466947148342,0.0,0.8235294117647058,0.13040149743017
rouge_1_r,0.22588815423843234,0.0,0.5217391304347826,0.09560300793275815
rouge_1_f,0.23255889978598898,0.0,0.45410627524469654,0.079554279414858
rouge_2_p,0.09478062919414114,0.0,0.625,0.10796288940571243
rouge_2_r,0.07090458473744937,0.0,0.3162393162393162,0.061096457750716836
rouge_2_f,0.0726420810740029,0.0,0.2971428522017959,0.06261225799813663
rouge_l_p,0.2562178125025043,0.0,0.8235294117647058,0.1334826437804042
rouge_l_r,0.20494467518931667,0.0,0.5217391304347826,0.09073879125565183
rouge_l_f,0.21164629896754467,0.0,0.434782603747112,0.07907319624959296
