cluster_id,rouge_1_p,rouge_1_r,rouge_1_f,rouge_2_p,rouge_2_r,rouge_2_f,rouge_l_p,rouge_l_r,rouge_l_f
1.0,0.2692307692307692,0.0660377358490566,0.10606060289715344,0.04,0.007407407407407408,0.012499997363281804,0.23076923076923078,0.05660377358490566,0.09090908774563831
2.0,0.35294117647058826,0.07058823529411765,0.1176470560457517,0.0625,0.009523809523809525,0.016528923324909822,0.29411764705882354,0.058823529411764705,0.09803921290849682
