name,mean,min,max,std
rouge_1_p,0.5973684210526315,0.39473684210526316,0.8,0.28656432711244295
rouge_1_r,0.20575435203094777,0.11363636363636363,0.2978723404255319,0.13027450852614827
rouge_1_f,0.3052895539708538,0.17647058476401387,0.4341085231776937,0.18217753334323514
rouge_2_p,0.3909214092140922,0.17073170731707318,0.6111111111111112,0.31139526271765305
rouge_2_r,0.12291868084649264,0.040229885057471264,0.205607476635514,0.11693961646113331
rouge_2_f,0.18640428995400624,0.06511627598312615,0.30769230392488633,0.17152715431091606
rouge_l_p,0.5567669172932331,0.34210526315789475,0.7714285714285715,0.3035774225996381
rouge_l_r,0.19285944551902,0.09848484848484848,0.2872340425531915,0.13346583506922102
rouge_l_f,0.28577291010400474,0.15294117299930804,0.4186046472087015,0.18785244412703958
