cluster_id,rouge_1_p,rouge_1_r,rouge_1_f,rouge_2_p,rouge_2_r,rouge_2_f,rouge_l_p,rouge_l_r,rouge_l_f
1.0,0.8,0.2978723404255319,0.4341085231776937,0.6111111111111112,0.205607476635514,0.30769230392488633,0.7714285714285715,0.2872340425531915,0.4186046472087015
2.0,0.39473684210526316,0.11363636363636363,0.17647058476401387,0.17073170731707318,0.040229885057471264,0.06511627598312615,0.34210526315789475,0.09848484848484848,0.15294117299930804
