name,mean,min,max,std
rouge_1_p,0.23452683882442185,0.21813031161473087,0.2589928057553957,0.02159334966860236
rouge_1_r,0.5922710622710623,0.44,0.7214285714285714,0.14213088143409022
rouge_1_f,0.3336445046884029,0.2916666622349202,0.3645569578559847,0.03768396116344379
rouge_2_p,0.08273356665339203,0.059625212947189095,0.12272727272727273,0.03477504608994491
rouge_2_r,0.2984421699690145,0.17326732673267325,0.3829787234042553,0.11060434178618431
rouge_2_f,0.12829555499425635,0.08871989479635242,0.18588639907809262,0.05102688042998835
rouge_l_p,0.21814373092793438,0.1954674220963173,0.24820143884892087,0.02713084812724026
rouge_l_r,0.5518192918192918,0.3942857142857143,0.6714285714285714,0.14241042832642103
rouge_l_f,0.3105166084538405,0.26136363193188994,0.3493670844382631,0.044897194247020523
