name,mean,min,max,std
rouge_1_p,0.39934509487095704,0.13257575757575757,0.9122807017543859,0.14705705697015906
rouge_1_r,0.56284933978704,0.23655913978494625,0.9493670886075949,0.14394508447267962
rouge_1_f,0.4480339369325144,0.20172910298864707,0.7686832690746064,0.10997781095346765
rouge_2_p,0.2212977268985111,0.023547880690737835,0.7808219178082192,0.15404039789716464
rouge_2_r,0.3349281633760552,0.033707865168539325,0.8883495145631068,0.17310170551376686
rouge_2_f,0.2503088048532443,0.030456847838388805,0.6304909511808185,0.13910575139730133
rouge_l_p,0.37216618841201643,0.12121212121212122,0.9122807017543859,0.15118463422631165
rouge_l_r,0.522397244572042,0.16216216216216217,0.9493670886075949,0.1486852955189732
rouge_l_f,0.41659955270338145,0.1445783083118016,0.7615658313521866,0.11857641604421612
