cluster_id,rouge_1_p,rouge_1_r,rouge_1_f,rouge_2_p,rouge_2_r,rouge_2_f,rouge_l_p,rouge_l_r,rouge_l_f
1.0,0.226457399103139,0.7214285714285714,0.34470989397430374,0.06584821428571429,0.3390804597701149,0.11028037110832394,0.21076233183856502,0.6714285714285714,0.32081910899136856
2.0,0.2589928057553957,0.6153846153846154,0.3645569578559847,0.12272727272727273,0.3829787234042553,0.18588639907809262,0.24820143884892087,0.5897435897435898,0.3493670844382631
3.0,0.21813031161473087,0.44,0.2916666622349202,0.059625212947189095,0.17326732673267325,0.08871989479635242,0.1954674220963173,0.3942857142857143,0.26136363193188994
