name,mean,min,max,std
rouge_1_p,0.31232701875121033,0.21813031161473087,0.5614973262032086,0.1168696696569901
rouge_1_r,0.5761723628443419,0.39655172413793105,0.7214285714285714,0.12435071828846089
rouge_1_f,0.3957897964599786,0.2916666622349202,0.6122448930000256,0.10544137525096972
rouge_2_p,0.1496222272696542,0.059625212947189095,0.40823970037453183,0.11844275465458079
rouge_2_r,0.3159336509083239,0.17326732673267325,0.5677083333333334,0.13135545548335606
rouge_2_f,0.19572896225420808,0.08871989479635242,0.47494552890255887,0.12833463074381524
rouge_l_p,0.2967077297218751,0.1954674220963173,0.5561497326203209,0.121148758218017
rouge_l_r,0.5445906691589102,0.3620689655172414,0.6714285714285714,0.12431379424553211
rouge_l_f,0.3752682611108987,0.26136363193188994,0.6064139892099382,0.11186897761650154
