cluster_id,rouge_1_p,rouge_1_r,rouge_1_f,rouge_2_p,rouge_2_r,rouge_2_f,rouge_l_p,rouge_l_r,rouge_l_f
1.0,0.226457399103139,0.7214285714285714,0.34470989397430374,0.06584821428571429,0.3390804597701149,0.11028037110832394,0.21076233183856502,0.6714285714285714,0.32081910899136856
2.0,0.2589928057553957,0.6153846153846154,0.3645569578559847,0.12272727272727273,0.3829787234042553,0.18588639907809262,0.24820143884892087,0.5897435897435898,0.3493670844382631
3.0,0.21813031161473087,0.44,0.2916666622349202,0.059625212947189095,0.17326732673267325,0.08871989479635242,0.1954674220963173,0.3942857142857143,0.26136363193188994
4.0,0.3284671532846715,0.6617647058823529,0.43902438581035097,0.12098765432098765,0.2752808988764045,0.1680960506465347,0.29927007299270075,0.6029411764705882,0.3999999955664486
5.0,0.5614973262032086,0.6730769230769231,0.6122448930000256,0.40823970037453183,0.5677083333333334,0.47494552890255887,0.5561497326203209,0.6666666666666666,0.6064139892099382
6.0,0.2948717948717949,0.39655172413793105,0.33823528922577856,0.14492753623188406,0.22058823529411764,0.17492710891686303,0.2692307692307692,0.3620689655172414,0.30882352451989625
7.0,0.2978723404255319,0.525,0.3800904931184866,0.125,0.25263157894736843,0.16724738233073133,0.2978723404255319,0.525,0.3800904931184866
