name,mean,min,max,std
rouge_1_p,0.3951243005389097,0.10778443113772455,0.8522727272727273,0.15354551485502083
rouge_1_r,0.5076479500817228,0.13392857142857142,0.9868421052631579,0.14332185422734717
rouge_1_f,0.42800114293270525,0.14876032630114075,0.9146341413682334,0.1254137806741997
rouge_2_p,0.21234816420793656,0.012987012987012988,0.7563025210084033,0.17103116633574664
rouge_2_r,0.2806757060707648,0.036231884057971016,0.9574468085106383,0.1676254578880512
rouge_2_f,0.22906853009352418,0.019292600680308032,0.8450704176040909,0.15827615788638105
rouge_l_p,0.35986644092447223,0.10179640718562874,0.8522727272727273,0.1589668693663873
rouge_l_r,0.45988670244489854,0.08928571428571429,0.9868421052631579,0.14582673917330116
rouge_l_f,0.3888304610366314,0.1257861593576205,0.9146341413682334,0.1334801488627249
